<?xml version="1.0" encoding="UTF-8"?>
<!DOCTYPE book [
<!--Begin Entities-->
<!ENTITY aec82fdb30033a5817f8089b64e11b088 SYSTEM "file:///D:/UnB/programacao/scilab/inflowlib/help/epsRe2fD.xml">
<!ENTITY a860be86d2e2c221340eeacc7e797fbe1 SYSTEM "file:///D:/UnB/programacao/scilab/inflowlib/help/epsfD2Re.xml">
<!ENTITY a33b56b1ed421efc8c8aa15efade4152f SYSTEM "file:///D:/UnB/programacao/scilab/inflowlib/help/hDeps2fDRe.xml">
<!ENTITY ad7ea9bd1d1c9fc774adc28f752e26b6c SYSTEM "file:///D:/UnB/programacao/scilab/inflowlib/help/hQeps2fDRe.xml">
<!ENTITY a38f04710b149a80965e670e6b6fc6575 SYSTEM "file:///D:/UnB/programacao/scilab/inflowlib/help/hQthk2fDRe.xml">
<!ENTITY a6cb3b8bc2465c4a46490b10241b40b98 SYSTEM "file:///D:/UnB/programacao/scilab/inflowlib/help/hveps2fDRe.xml">
<!ENTITY a33d406922dbe6facc91bf56936813a6c SYSTEM "file:///D:/UnB/programacao/scilab/inflowlib/help/hvthk2fDRe.xml">
<!--End Entities-->
]>
<book version="5.0-subset Scilab" xml:lang="en_US"
      xmlns="http://docbook.org/ns/docbook"
      xmlns:xlink="http://www.w3.org/1999/xlink"
      xmlns:xi="http://www.w3.org/2001/XInclude"
      xmlns:svg="http://www.w3.org/2000/svg"
      xmlns:mml="http://www.w3.org/1998/Math/MathML"
      xmlns:html="http://www.w3.org/1999/xhtml"
      xmlns:db="http://docbook.org/ns/docbook">
  <info xml:id='internal_fluid_flow_manual'>
    <title>Internal Fluid Flow</title>
  </info>

<part xml:id='section_1a5d32a5774a02b036ca9077794f67ce'>
<title>Internal Fluid Flow</title>
&aec82fdb30033a5817f8089b64e11b088;
&a860be86d2e2c221340eeacc7e797fbe1;
&a33b56b1ed421efc8c8aa15efade4152f;
&ad7ea9bd1d1c9fc774adc28f752e26b6c;
&a38f04710b149a80965e670e6b6fc6575;
&a6cb3b8bc2465c4a46490b10241b40b98;
&a33d406922dbe6facc91bf56936813a6c;
</part>
</book>
