<?xml version="1.0" encoding="utf-8" standalone="no"?>
<!DOCTYPE toc PUBLIC "-//Sun Microsystems Inc.//DTD JavaHelp TOC Version 1.0//EN" "http://java.sun.com/products/javahelp/toc_1_0.dtd">
<toc version="1.0">
<tocitem target="index" text="Internal Fluid Flow">
<tocitem target="section_1a5d32a5774a02b036ca9077794f67ce" text="Internal Fluid Flow">
<tocitem target="epsRe2fD" text="epsRe2fD"/>
<tocitem target="epsfD2Re" text="epsfD2Re"/>
<tocitem target="hDeps2fDRe" text="hDeps2fDRe"/>
<tocitem target="hQeps2fDRe" text="hQeps2fDRe"/>
<tocitem target="hQthk2fDRe" text="hQthk2fDRe"/>
<tocitem target="hveps2fDRe" text="hveps2fDRe"/>
<tocitem target="hvthk2fDRe" text="hvthk2fDRe"/>
</tocitem>
</tocitem>
</toc>