<?xml version="1.0" encoding="UTF-8"?>
<!DOCTYPE book [
<!--Begin Entities-->
<!ENTITY aba6fedda89e8887bbccc888c935e4693 SYSTEM "file:///E:/programacao-sync/scilab/inflowlib current/help/epsRe2fD.xml">
<!ENTITY a09ab0814fd55ae49af48bab25c597740 SYSTEM "file:///E:/programacao-sync/scilab/inflowlib current/help/epsfD2Re.xml">
<!ENTITY a7248873d3eb332ba681ec3fb93a4a479 SYSTEM "file:///E:/programacao-sync/scilab/inflowlib current/help/hDeps2fDRe.xml">
<!ENTITY aea73531583410f7aa2b386841b926302 SYSTEM "file:///E:/programacao-sync/scilab/inflowlib current/help/hQeps2fDRe.xml">
<!ENTITY a9ee3f092ee5fd785dcde7c08ade4f86b SYSTEM "file:///E:/programacao-sync/scilab/inflowlib current/help/hQthk2fDRe.xml">
<!ENTITY af56a854985ba05f678308eb167be45e7 SYSTEM "file:///E:/programacao-sync/scilab/inflowlib current/help/hveps2fDRe.xml">
<!ENTITY a1f3962541fdfd33ae7fca31deb5cd5ba SYSTEM "file:///E:/programacao-sync/scilab/inflowlib current/help/hvthk2fDRe.xml">
<!--End Entities-->
]>
<book version="5.0-subset Scilab" xml:lang="en_US"
      xmlns="http://docbook.org/ns/docbook"
      xmlns:xlink="http://www.w3.org/1999/xlink"
      xmlns:xi="http://www.w3.org/2001/XInclude"
      xmlns:svg="http://www.w3.org/2000/svg"
      xmlns:mml="http://www.w3.org/1998/Math/MathML"
      xmlns:html="http://www.w3.org/1999/xhtml"
      xmlns:db="http://docbook.org/ns/docbook">
  <info xml:id='internal_fluid_flow_manual'>
    <title>Internal Fluid Flow</title>
  </info>

<part xml:id='section_87bd45dda2287e83a691bc33168e5b57'>
<title>Internal Fluid Flow</title>
&aba6fedda89e8887bbccc888c935e4693;
&a09ab0814fd55ae49af48bab25c597740;
&a7248873d3eb332ba681ec3fb93a4a479;
&aea73531583410f7aa2b386841b926302;
&a9ee3f092ee5fd785dcde7c08ade4f86b;
&af56a854985ba05f678308eb167be45e7;
&a1f3962541fdfd33ae7fca31deb5cd5ba;
</part>
</book>
