<?xml version="1.0" encoding="UTF-8"?>

<!--
 *
 * This help file was generated from epsfD2Re.sci using help_from_sci().
 *
 -->

<refentry version="5.0-subset Scilab" xml:id="epsfD2Re" xml:lang="en"
          xmlns="http://docbook.org/ns/docbook"
          xmlns:xlink="http://www.w3.org/1999/xlink"
          xmlns:svg="http://www.w3.org/2000/svg"
          xmlns:ns3="http://www.w3.org/1999/xhtml"
          xmlns:mml="http://www.w3.org/1998/Math/MathML"
          xmlns:scilab="http://www.scilab.org"
          xmlns:db="http://docbook.org/ns/docbook">

  <refnamediv>
    <refname>epsfD2Re</refname>
    <refpurpose>Calculates the Reynolds number given the Darcy friction factor and the relative roughness</refpurpose>
  </refnamediv>


<refsynopsisdiv>
   <title>Syntax</title>
   <synopsis>
   Re=epsfD2Re(eps,fD[,s])
   
   </synopsis>
</refsynopsisdiv>

<refsection>
   <title>Parameters</title>
   <variablelist>
        <varlistentry>
            <term>eps:</term>
            <listitem><para> relative roughness</para></listitem>
        </varlistentry>
        <varlistentry>
            <term>fD:</term>
            <listitem><para> Darcy friction factor</para></listitem>
        </varlistentry>
        <varlistentry>
            <term>s:</term>
            <listitem><para> optional boolean for display plot (default is s=%f)</para></listitem>
        </varlistentry>
        <varlistentry>
            <term>Re:</term>
            <listitem><para> Reynolds number</para></listitem>
        </varlistentry>
   </variablelist>
</refsection>

<refsection>
   <title>Description</title>
   <para>
epsfD2Re calculates the Reynolds number
for a internal fluid flow, given
the Darcy friction factor and
the pipe's relative roughness. Calculations are based on
the Colebrooke-White equation for turbulent flow and
the Poiseuille condition for laminar flow.
Inputs are to be given in a consistent system of units.
   </para>
   <para>
</para>
</refsection>

<refsection>
   <title>Examples</title>
   <programlisting role="example"><![CDATA[
// Calculate the Reynolds number Re given
// the relative roughness eps=0.0044 and
// the Darcy friction factor fD=0.033:

Re=epsfD2Re(0.0044,0.033,%f)
// Calculates Re. Alternatively:
eps=0.0044,..
fD=0.033,..
Re=epsfD2Re(eps,fD)

Re=epsfD2Re(0.0044,0.033,%t)
// Calculates Re and
// plots a representation of the solution
// on a schematic Moody diagram.

   ]]></programlisting>
</refsection>

<refsection role="see also">
   <title>See also</title>
   <simplelist type="inline">
   <member><link linkend="epsRe2fD">epsRe2fD</link></member>
   <member><link linkend="hDeps2fDRe">hDeps2fDRe</link></member>
   <member><link linkend="hveps2fDRe">hveps2fDRe</link></member>
   <member><link linkend="hvthk2fDRe">hvthk2fDRe</link></member>
   <member><link linkend="hQeps2fDRe">hQeps2fDRe</link></member>
   <member><link linkend="hQthk2fDRe">hQthk2fDRe</link></member>
   </simplelist>
</refsection>

<refsection>
   <title>Authors</title>
   <simplelist type="vert">
   <member>Alexandre Umpierre</member>
   </simplelist>
</refsection>
</refentry>
