<?xml version="1.0" encoding="UTF-8"?>

<!--
 *
 * This help file was generated from hDeps2fDRe.sci using help_from_sci().
 *
 -->

<refentry version="5.0-subset Scilab" xml:id="hDeps2fDRe" xml:lang="en"
          xmlns="http://docbook.org/ns/docbook"
          xmlns:xlink="http://www.w3.org/1999/xlink"
          xmlns:svg="http://www.w3.org/2000/svg"
          xmlns:ns3="http://www.w3.org/1999/xhtml"
          xmlns:mml="http://www.w3.org/1998/Math/MathML"
          xmlns:scilab="http://www.scilab.org"
          xmlns:db="http://docbook.org/ns/docbook">

  <refnamediv>
    <refname>hDeps2fDRe</refname>
    <refpurpose>Solution for internal fluid flow based on pipe's hydraulic diameter and relative roughness</refpurpose>
  </refnamediv>


<refsynopsisdiv>
   <title>Syntax</title>
   <synopsis>
   [Re,fD]=hDeps2fDRe(h,g,mu,rho,D,L,eps[,s])
   
   </synopsis>
</refsynopsisdiv>

<refsection>
   <title>Parameters</title>
   <variablelist>
        <varlistentry>
            <term>h:</term>
            <listitem><para> head loss</para></listitem>
        </varlistentry>
        <varlistentry>
            <term>g:</term>
            <listitem><para> gravitational acceleration</para></listitem>
        </varlistentry>
        <varlistentry>
            <term>mu:</term>
            <listitem><para> fluid's dynamic viscosity</para></listitem>
        </varlistentry>
        <varlistentry>
            <term>rho:</term>
            <listitem><para> fluid's density</para></listitem>
        </varlistentry>
        <varlistentry>
            <term>D:</term>
            <listitem><para> pipe's hydraulic diameter</para></listitem>
        </varlistentry>
        <varlistentry>
            <term>L:</term>
            <listitem><para> pipe's length</para></listitem>
        </varlistentry>
        <varlistentry>
            <term>eps:</term>
            <listitem><para> pipe's relative roughness</para></listitem>
        </varlistentry>
        <varlistentry>
            <term>s:</term>
            <listitem><para> optional boolean for display plot (default is s=%f)</para></listitem>
        </varlistentry>
        <varlistentry>
            <term>Re:</term>
            <listitem><para> Reynolds number</para></listitem>
        </varlistentry>
        <varlistentry>
            <term>fD:</term>
            <listitem><para> Darcy friction factor</para></listitem>
        </varlistentry>
   </variablelist>
</refsection>

<refsection>
   <title>Description</title>
   <para>
hDeps2fDRe calculates the Reynolds number and
the Darcy friction factor for a internal fluid flow, given
the head loss h,
the gravitational acceleration g,
the fluid's dynamic viscosity mu and density rho, and
the pipe's hydraulic diameter D, length L and relative roughness eps.
Inputs are to be given in a consistent system of units.
   </para>
   <para>
</para>
</refsection>

<refsection>
   <title>Examples</title>
   <programlisting role="example"><![CDATA[
// Calculate the Reynolds number Re and
// the Darcy friction factor fD given
// the head loss h=40 (cm),
// the gravitational acceleration g=981 (cm/s/s),
// the fluid's the dynamic viscosity mu=0.0089 (g/cm/s) and
// density rho=0.98 (g/cu.cm), and
// the pipe's hydraulic diameter D=10 (cm),
// length L=2500 (cm) and
// relative roughness eps=0.0025:

[Re,fD]=hDeps2fDRe(40,981,0.0089,0.98,10,2500,0.0025,%f)
// Calculates Re e fD. Alternatively:
h=40,..
g=981,..
mu=0.0089,..
rho=0.98,..
D=10,..
L=2500,..
eps=0.0025,..
[Re,fD]=hDeps2fDRe(h,g,mu,rho,D,L,eps)

[Re,fD]=hDeps2fDRe(40,981,0.0089,0.98,10,2500,0.0025,%t)
// Calculates Re e fD and
// plots a representation of the solution
// on a schematic Moody diagram.

   ]]></programlisting>
</refsection>

<refsection role="see also">
   <title>See also</title>
   <simplelist type="inline">
   <member><link linkend="epsfD2Re">epsfD2Re</link></member>
   <member><link linkend="epsRe2fD">epsRe2fD</link></member>
   <member><link linkend="hveps2fDRe">hveps2fDRe</link></member>
   <member><link linkend="hvthk2fDRe">hvthk2fDRe</link></member>
   <member><link linkend="hQeps2fDRe">hQeps2fDRe</link></member>
   <member><link linkend="hQthk2fDRe">hQthk2fDRe</link></member>
   </simplelist>
</refsection>

<refsection>
   <title>Authors</title>
   <simplelist type="vert">
   <member>Alexandre Umpierre</member>
   </simplelist>
</refsection>
</refentry>
